MAF_file	mean_phylop	max_phylop	fraction_constrained	fraction_constrained_p01	sum_positive_phylop
HNRNPH1_179620582	85.90505128205129	319.1	0.5128205128205128	0.5128205128205128	6206.158000000001
